CA-01_0006501.jpg,25
CA-01_0006502.jpg,25
CA-01_0006503.jpg,11
CA-01_0006504.jpg,25
CA-01_0006505.jpg,11
CA-01_0006506.jpg,11
CA-01_0006507.jpg,25
CA-01_0006508.jpg,25
CA-01_0006509.jpg,11
CA-01_0006510.jpg,11
CA-01_0006511.jpg,25
CA-01_0006512.jpg,25
CA-01_0006513.jpg,11
CA-01_0006514.jpg,11
CA-01_0006515.jpg,25
CA-01_0006516.jpg,11
CA-01_0006517.jpg,25
CA-01_0006518.jpg,25
CA-01_0006519.jpg,11
CA-01_0006520.jpg,25
CA-01_0006521.jpg,11
CA-01_0006522.jpg,25
CA-01_0006523.jpg,25
CA-01_0006524.jpg,11
CA-01_0006525.jpg,25
CA-01_0006526.jpg,25
CA-01_0006527.jpg,11
CA-01_0006528.jpg,27
CA-01_0006529.jpg,27
CA-01_0006530.jpg,27
CA-01_0006531.jpg,27
CA-01_0006532.jpg,27
CA-01_0006533.jpg,27
CA-01_0006534.jpg,27
CA-01_0006535.jpg,25
CA-01_0006536.jpg,27
CA-01_0006537.jpg,27
CA-01_0006538.jpg,27
CA-01_0006539.jpg,27
CA-01_0006540.jpg,13
CA-01_0006541.jpg,13
CA-01_0006542.jpg,13
CA-01_0006543.jpg,13
CA-01_0006544.jpg,13
CA-01_0006545.jpg,13
CA-01_0006546.jpg,13
CA-01_0006547.jpg,13
CA-01_0006548.jpg,13
CA-01_0006549.jpg,13
CA-01_0006550.jpg,13
CA-01_0006551.jpg,13
CA-01_0006552.jpg,13
CA-01_0006553.jpg,13
CA-01_0006554.jpg,13
CA-01_0006555.jpg,13
CA-01_0006556.jpg,13
CA-01_0006557.jpg,13
CA-01_0006558.jpg,13
CA-01_0006559.jpg,13
CA-01_0006560.jpg,13
CA-01_0006561.jpg,13
CA-01_0006562.jpg,13
CA-01_0006563.jpg,27
CA-01_0006564.jpg,27
CA-01_0006565.jpg,27
CA-01_0006566.jpg,27
CA-01_0006567.jpg,27
CA-01_0006568.jpg,27
CA-01_0006569.jpg,27
CA-01_0006570.jpg,25
CA-01_0006571.jpg,27
CA-01_0006572.jpg,27
CA-01_0006573.jpg,27
CA-01_0006574.jpg,27
CA-01_0006575.jpg,25
CA-01_0006576.jpg,25
CA-01_0006577.jpg,27
CA-01_0006578.jpg,27
CA-01_0006579.jpg,27
CA-01_0006580.jpg,27
CA-01_0006581.jpg,27
CA-01_0006582.jpg,27
CA-01_0006583.jpg,27
CA-01_0006584.jpg,27
CA-01_0006585.jpg,13
CA-01_0006586.jpg,13
CA-01_0006587.jpg,13
CA-01_0006588.jpg,13
CA-01_0006589.jpg,13
CA-01_0006590.jpg,13
CA-01_0006591.jpg,13
CA-01_0006592.jpg,13
CA-01_0006593.jpg,13
CA-01_0006594.jpg,13
CA-01_0006595.jpg,13
CA-01_0006596.jpg,13
CA-01_0006597.jpg,13
CA-01_0006598.jpg,13
CA-01_0006599.jpg,13
CA-01_0006600.jpg,13
CA-01_0006601.jpg,13
CA-01_0006602.jpg,13
CA-01_0006603.jpg,13
CA-01_0006604.jpg,13
CA-01_0006605.jpg,13
CA-01_0006606.jpg,13
CA-01_0006607.jpg,27
CA-01_0006608.jpg,27
CA-01_0006609.jpg,27
CA-01_0006610.jpg,27
CA-01_0006611.jpg,27
CA-01_0006612.jpg,27
CA-01_0006613.jpg,27
CA-01_0006614.jpg,27
CA-01_0006615.jpg,23
CA-01_0006616.jpg,23
CA-01_0006617.jpg,23
CA-01_0006618.jpg,27
CA-01_0006619.jpg,27
CA-01_0006620.jpg,25
CA-01_0006621.jpg,27
CA-01_0006622.jpg,27
CA-01_0006623.jpg,27
CA-01_0006624.jpg,27
CA-01_0006625.jpg,21
CA-01_0006626.jpg,27
CA-01_0006627.jpg,27
CA-01_0006628.jpg,27
CA-01_0006629.jpg,27
CA-01_0006630.jpg,27
CA-01_0006631.jpg,27
CA-01_0006632.jpg,27
CA-01_0006633.jpg,27
CA-01_0006634.jpg,27
CA-01_0006635.jpg,20
CA-01_0006636.jpg,20
CA-01_0006637.jpg,20
CA-01_0006638.jpg,20
CA-01_0006639.jpg,20
CA-01_0006640.jpg,13
CA-01_0006641.jpg,13
CA-01_0006642.jpg,13
CA-01_0006643.jpg,13
CA-01_0006644.jpg,27
CA-01_0006645.jpg,14
CA-01_0006646.jpg,14
CA-01_0006647.jpg,14
CA-01_0006648.jpg,14
CA-01_0006649.jpg,14
CA-01_0006650.jpg,23
CA-01_0006651.jpg,23
CA-01_0006652.jpg,27
CA-01_0006653.jpg,27
CA-01_0006654.jpg,27
CA-01_0006655.jpg,13
CA-01_0006656.jpg,13
CA-01_0006657.jpg,13
CA-01_0006658.jpg,13
CA-01_0006659.jpg,13
CA-01_0006660.jpg,13
CA-01_0006661.jpg,13
CA-01_0006662.jpg,13
CA-01_0006663.jpg,13
CA-01_0006664.jpg,13
CA-01_0006665.jpg,14
CA-01_0006666.jpg,27
CA-01_0006667.jpg,27
CA-01_0006668.jpg,27
CA-01_0006669.jpg,27
CA-01_0006670.jpg,13
CA-01_0006671.jpg,13
CA-01_0006672.jpg,13
CA-01_0006673.jpg,13
CA-01_0006674.jpg,27
CA-01_0006675.jpg,14
CA-01_0006676.jpg,14
CA-01_0006677.jpg,27
CA-01_0006678.jpg,27
CA-01_0006679.jpg,27
CA-01_0006680.jpg,14
CA-01_0006681.jpg,14
CA-01_0006682.jpg,14
CA-01_0006683.jpg,27
CA-01_0006684.jpg,27
CA-01_0006685.jpg,14
CA-01_0006686.jpg,14
CA-01_0006687.jpg,14
CA-01_0006688.jpg,14
CA-01_0006689.jpg,14
CA-01_0006690.jpg,14
CA-01_0006691.jpg,27
CA-01_0006692.jpg,27
CA-01_0006693.jpg,27
CA-01_0006694.jpg,27
CA-01_0006695.jpg,22
CA-01_0006696.jpg,22
CA-01_0006697.jpg,22
CA-01_0006698.jpg,22
CA-01_0006699.jpg,22
CA-01_0006700.jpg,27
CA-01_0006701.jpg,27
CA-01_0006702.jpg,27
CA-01_0006703.jpg,27
CA-01_0006704.jpg,27
CA-01_0006705.jpg,14
CA-01_0006706.jpg,14
CA-01_0006707.jpg,14
CA-01_0006708.jpg,14
CA-01_0006709.jpg,14
CA-01_0006710.jpg,3
CA-01_0006711.jpg,3
CA-01_0006712.jpg,3
CA-01_0006713.jpg,3
CA-01_0006714.jpg,3
CA-01_0006715.jpg,27
CA-01_0006716.jpg,27
CA-01_0006717.jpg,27
CA-01_0006718.jpg,27
CA-01_0006719.jpg,27
CA-01_0006720.jpg,14
CA-01_0006721.jpg,14
CA-01_0006722.jpg,27
CA-01_0006723.jpg,27
CA-01_0006724.jpg,27
CA-01_0006725.jpg,14
CA-01_0006726.jpg,14
CA-01_0006727.jpg,14
CA-01_0006728.jpg,14
CA-01_0006729.jpg,14
CA-01_0006730.jpg,14
CA-01_0006731.jpg,14
CA-01_0006732.jpg,14
CA-01_0006733.jpg,14
CA-01_0006734.jpg,14
CA-01_0006735.jpg,14
CA-01_0006736.jpg,14
CA-01_0006737.jpg,27
CA-01_0006738.jpg,27
CA-01_0006739.jpg,27
CA-01_0006740.jpg,14
CA-01_0006741.jpg,27
CA-01_0006742.jpg,27
CA-01_0006743.jpg,27
CA-01_0006744.jpg,27
CA-01_0006745.jpg,14
CA-01_0006746.jpg,14
CA-01_0006747.jpg,14
CA-01_0006748.jpg,14
CA-01_0006749.jpg,14
CA-01_0006750.jpg,14
CA-01_0006751.jpg,27
CA-01_0006752.jpg,27
CA-01_0006753.jpg,27
CA-01_0006754.jpg,27
CA-01_0006755.jpg,21
CA-01_0006756.jpg,21
CA-01_0006757.jpg,21
CA-01_0006758.jpg,21
CA-01_0006759.jpg,21
CA-01_0006760.jpg,13
CA-01_0006761.jpg,13
CA-01_0006762.jpg,13
CA-01_0006763.jpg,13
CA-01_0006764.jpg,13
CA-01_0006765.jpg,14
CA-01_0006766.jpg,13
CA-01_0006767.jpg,27
CA-01_0006768.jpg,27
CA-01_0006769.jpg,13
CA-01_0006770.jpg,21
CA-01_0006771.jpg,21
CA-01_0006772.jpg,21
CA-01_0006773.jpg,21
CA-01_0006774.jpg,27
CA-01_0006775.jpg,21
CA-01_0006776.jpg,21
CA-01_0006777.jpg,21
CA-01_0006778.jpg,21
CA-01_0006779.jpg,21
CA-01_0006780.jpg,21
CA-01_0006781.jpg,27
CA-01_0006782.jpg,27
CA-01_0006783.jpg,27
CA-01_0006784.jpg,27
CA-01_0006785.jpg,21
CA-01_0006786.jpg,21
CA-01_0006787.jpg,21
CA-01_0006788.jpg,21
CA-01_0006789.jpg,21
CA-01_0006790.jpg,14
CA-01_0006791.jpg,27
CA-01_0006792.jpg,27
CA-01_0006793.jpg,27
CA-01_0006794.jpg,27
CA-01_0006795.jpg,3
CA-01_0006796.jpg,3
CA-01_0006797.jpg,27
CA-01_0006798.jpg,27
CA-01_0006799.jpg,27
CA-01_0006800.jpg,14
CA-01_0006801.jpg,14
CA-01_0006802.jpg,14
CA-01_0006803.jpg,27
CA-01_0006804.jpg,27
CA-01_0006805.jpg,14
CA-01_0006806.jpg,14
CA-01_0006807.jpg,14
CA-01_0006808.jpg,14
CA-01_0006809.jpg,14
CA-01_0006810.jpg,14
CA-01_0006811.jpg,14
CA-01_0006812.jpg,27
CA-01_0006813.jpg,27
CA-01_0006814.jpg,27
CA-01_0006815.jpg,22
CA-01_0006816.jpg,22
CA-01_0006817.jpg,22
CA-01_0006818.jpg,22
CA-01_0006819.jpg,22
CA-01_0006820.jpg,22
CA-01_0006821.jpg,22
CA-01_0006822.jpg,27
CA-01_0006823.jpg,27
CA-01_0006824.jpg,27
CA-01_0006825.jpg,14
CA-01_0006826.jpg,14
CA-01_0006827.jpg,14
CA-01_0006828.jpg,14
CA-01_0006829.jpg,14
CA-01_0006830.jpg,21
CA-01_0006831.jpg,21
CA-01_0006832.jpg,21
CA-01_0006833.jpg,27
CA-01_0006834.jpg,27
CA-01_0006835.jpg,21
CA-01_0006836.jpg,21
CA-01_0006837.jpg,21
CA-01_0006838.jpg,21
CA-01_0006839.jpg,21
CA-01_0006840.jpg,21
CA-01_0006841.jpg,21
CA-01_0006842.jpg,21
CA-01_0006843.jpg,21
CA-01_0006844.jpg,21
CA-01_0006845.jpg,21
CA-01_0006846.jpg,21
CA-01_0006847.jpg,21
CA-01_0006848.jpg,21
CA-01_0006849.jpg,21
CA-01_0006850.jpg,14
CA-01_0006851.jpg,14
CA-01_0006852.jpg,14
CA-01_0006853.jpg,14
CA-01_0006854.jpg,27
CA-01_0006855.jpg,13
CA-01_0006856.jpg,13
CA-01_0006857.jpg,13
CA-01_0006858.jpg,13
CA-01_0006859.jpg,13
CA-01_0006860.jpg,13
CA-01_0006861.jpg,27
CA-01_0006862.jpg,27
CA-01_0006863.jpg,27
CA-01_0006864.jpg,27
CA-01_0006865.jpg,21
CA-01_0006866.jpg,21
CA-01_0006867.jpg,21
CA-01_0006868.jpg,21
CA-01_0006869.jpg,21
CA-01_0006870.jpg,21
CA-01_0006871.jpg,21
CA-01_0006872.jpg,21
CA-01_0006873.jpg,21
CA-01_0006874.jpg,27
CA-01_0006875.jpg,13
CA-01_0006876.jpg,13
CA-01_0006877.jpg,13
CA-01_0006878.jpg,13
CA-01_0006879.jpg,13
CA-01_0006880.jpg,27
CA-01_0006881.jpg,27
CA-01_0006882.jpg,27
CA-01_0006883.jpg,27
CA-01_0006884.jpg,27
CA-01_0006885.jpg,21
CA-01_0006886.jpg,21
CA-01_0006887.jpg,27
CA-01_0006888.jpg,27
CA-01_0006889.jpg,27
CA-01_0006890.jpg,21
CA-01_0006891.jpg,21
CA-01_0006892.jpg,21
CA-01_0006893.jpg,21
CA-01_0006894.jpg,21
CA-01_0006895.jpg,21
CA-01_0006896.jpg,21
CA-01_0006897.jpg,21
CA-01_0006898.jpg,21
CA-01_0006899.jpg,21
CA-01_0006900.jpg,13
CA-01_0006901.jpg,13
CA-01_0006902.jpg,13
CA-01_0006903.jpg,13
CA-01_0006904.jpg,13
CA-01_0006905.jpg,21
CA-01_0006906.jpg,21
CA-01_0006907.jpg,21
CA-01_0006908.jpg,21
CA-01_0006909.jpg,27
CA-01_0006910.jpg,21
CA-01_0006911.jpg,21
CA-01_0006912.jpg,21
CA-01_0006913.jpg,21
CA-01_0006914.jpg,21
CA-01_0006915.jpg,21
CA-01_0006916.jpg,21
CA-01_0006917.jpg,21
CA-01_0006918.jpg,21
CA-01_0006919.jpg,21
CA-01_0006920.jpg,27
CA-01_0006921.jpg,21
CA-01_0006922.jpg,27
CA-01_0006923.jpg,27
CA-01_0006924.jpg,27
CA-01_0006925.jpg,21
CA-01_0006926.jpg,21
CA-01_0006927.jpg,27
CA-01_0006928.jpg,27
CA-01_0006929.jpg,27
CA-01_0006930.jpg,21
CA-01_0006931.jpg,21
CA-01_0006932.jpg,21
CA-01_0006933.jpg,21
CA-01_0006934.jpg,21
CA-01_0006935.jpg,25
CA-01_0006936.jpg,25
CA-01_0006937.jpg,27
CA-01_0006938.jpg,27
CA-01_0006939.jpg,27
CA-01_0006940.jpg,11
CA-01_0006941.jpg,11
CA-01_0006942.jpg,11
CA-01_0006943.jpg,11
CA-01_0006944.jpg,27
CA-01_0006945.jpg,27
CA-01_0006946.jpg,11
CA-01_0006947.jpg,11
CA-01_0006948.jpg,27
CA-01_0006949.jpg,27
CA-01_0006950.jpg,11
CA-01_0006951.jpg,11
CA-01_0006952.jpg,11
CA-01_0006953.jpg,11
CA-01_0006954.jpg,11
CA-01_0006955.jpg,11
CA-01_0006956.jpg,11
CA-01_0006957.jpg,11
CA-01_0006958.jpg,11
CA-01_0006959.jpg,11
CA-01_0006960.jpg,11
CA-01_0006961.jpg,11
CA-01_0006962.jpg,11
CA-01_0006963.jpg,11
CA-01_0006964.jpg,25
CA-01_0006965.jpg,11
CA-01_0006966.jpg,11
CA-01_0006967.jpg,11
CA-01_0006968.jpg,11
CA-01_0006969.jpg,11
CA-01_0006970.JPG,11
CA-01_0006971.JPG,11
CA-01_0006972.JPG,11
CA-01_0006973.JPG,11
CA-01_0006974.JPG,11
CA-01_0006975.JPG,11
CA-01_0006976.JPG,11
CA-01_0006977.JPG,11
CA-01_0006978.JPG,11
CA-01_0006979.JPG,11
CA-01_0006980.JPG,11
CA-01_0006981.JPG,11
CA-01_0006982.JPG,11
CA-01_0006983.JPG,27
CA-01_0006985.JPG,11
CA-01_0006986.JPG,11
CA-01_0006987.JPG,27
CA-01_0006988.JPG,11
CA-01_0006989.JPG,11
CA-01_0006990.JPG,11
CA-01_0006991.JPG,11
CA-01_0006992.JPG,11
CA-01_0006993.JPG,11
CA-01_0006994.JPG,11
CA-01_0006995.JPG,11
CA-01_0006996.JPG,11
CA-01_0006997.JPG,11
CA-01_0006998.JPG,11
CA-01_0006999.JPG,27
CA-01_0007000.JPG,11
CA-01_0007001.JPG,11
CA-01_0007002.JPG,11
CA-01_0007003.JPG,11
CA-01_0007004.JPG,11
CA-01_0007005.JPG,11
CA-01_0007006.JPG,11
CA-01_0007007.JPG,11
CA-01_0007008.JPG,11
CA-01_0007009.JPG,11
CA-01_0007010.JPG,11
CA-01_0007011.JPG,11
CA-01_0007012.JPG,11
CA-01_0007013.JPG,27
CA-01_0007014.JPG,11
CA-01_0007015.JPG,13
CA-01_0007016.JPG,13
CA-01_0007017.JPG,13
CA-01_0007018.JPG,13
CA-01_0007019.JPG,13
CA-01_0007020.JPG,13
CA-01_0007021.JPG,13
CA-01_0007022.JPG,13
CA-01_0007023.JPG,27
CA-01_0007024.JPG,27
CA-01_0007025.JPG,21
CA-01_0007026.JPG,21
CA-01_0007027.JPG,27
CA-01_0007028.JPG,27
CA-01_0007029.JPG,27
CA-01_0007030.JPG,13
CA-01_0007031.JPG,13
CA-01_0007032.JPG,13
CA-01_0007033.JPG,13
CA-01_0007034.JPG,27
CA-01_0007035.JPG,13
CA-01_0007036.JPG,13
CA-01_0007037.JPG,13
CA-01_0007038.JPG,13
CA-01_0007039.JPG,13
CA-01_0007040.JPG,27
CA-01_0007041.JPG,27
CA-01_0007042.JPG,27
CA-01_0007043.JPG,27
CA-01_0007044.JPG,27
CA-01_0007045.JPG,13
CA-01_0007046.JPG,27
CA-01_0007047.JPG,27
CA-01_0007048.JPG,27
CA-01_0007049.JPG,27
CA-01_0007050.JPG,13
CA-01_0007051.JPG,13
CA-01_0007052.JPG,27
CA-01_0007053.JPG,27
CA-01_0007054.JPG,27
CA-01_0007055.JPG,21
CA-01_0007056.JPG,21
CA-01_0007057.JPG,21
CA-01_0007058.JPG,21
CA-01_0007059.JPG,21
CA-01_0007060.JPG,21
CA-01_0007061.JPG,27
CA-01_0007062.JPG,27
CA-01_0007063.JPG,27
CA-01_0007064.JPG,27
CA-01_0007065.JPG,14
CA-01_0007066.JPG,14
CA-01_0007067.JPG,14
CA-01_0007068.JPG,14
CA-01_0007069.JPG,14
CA-01_0007070.JPG,14
CA-01_0007071.JPG,14
CA-01_0007072.JPG,14
CA-01_0007073.JPG,14
CA-01_0007074.JPG,14
CA-01_0007075.JPG,14
CA-01_0007076.JPG,14
CA-01_0007077.JPG,14
CA-01_0007078.JPG,14
CA-01_0007079.JPG,14
CA-01_0007080.JPG,23
CA-01_0007081.JPG,23
CA-01_0007082.JPG,27
CA-01_0007083.JPG,27
CA-01_0007084.JPG,27
CA-01_0007085.JPG,13
CA-01_0007086.JPG,13
CA-01_0007087.JPG,13
CA-01_0007088.JPG,13
CA-01_0007089.JPG,13
CA-01_0007090.JPG,13
CA-01_0007091.JPG,13
CA-01_0007092.JPG,13
CA-01_0007093.JPG,13
CA-01_0007094.JPG,27
CA-01_0007095.JPG,13
CA-01_0007096.JPG,13
CA-01_0007097.JPG,27
CA-01_0007098.JPG,27
CA-01_0007099.JPG,27
CA-01_0007100.JPG,13
CA-01_0007101.JPG,13
CA-01_0007102.JPG,13
CA-01_0007103.JPG,27
CA-01_0007104.JPG,27
CA-01_0007105.JPG,13
CA-01_0007106.JPG,13
CA-01_0007107.JPG,13
CA-01_0007108.JPG,13
CA-01_0007109.JPG,27
CA-01_0007110.JPG,25
CA-01_0007111.JPG,25
CA-01_0007112.JPG,27
CA-01_0007113.JPG,27
CA-01_0007114.JPG,27
CA-01_0007115.JPG,23
CA-01_0007116.JPG,23
CA-01_0007117.JPG,27
CA-01_0007118.JPG,27
CA-01_0007119.JPG,27
CA-01_0007120.JPG,13
CA-01_0007121.JPG,27
CA-01_0007122.JPG,27
CA-01_0007123.JPG,27
CA-01_0007124.JPG,27
CA-01_0007125.JPG,13
CA-01_0007126.JPG,13
CA-01_0007127.JPG,13
CA-01_0007128.JPG,13
CA-01_0007129.JPG,13
CA-01_0007130.JPG,13
CA-01_0007131.JPG,13
CA-01_0007132.JPG,13
CA-01_0007133.JPG,13
CA-01_0007134.JPG,13
CA-01_0007135.JPG,4
CA-01_0007136.JPG,4
CA-01_0007137.JPG,4
CA-01_0007138.JPG,4
CA-01_0007139.JPG,4
CA-01_0007140.JPG,4
CA-01_0007141.JPG,4
CA-01_0007142.JPG,4
CA-01_0007143.JPG,4
CA-01_0007144.JPG,4
CA-01_0007145.JPG,4
CA-01_0007146.JPG,4
CA-01_0007147.JPG,4
CA-01_0007148.JPG,4
CA-01_0007149.JPG,4
CA-01_0007150.JPG,4
CA-01_0007151.JPG,4
CA-01_0007152.JPG,4
CA-01_0007153.JPG,4
CA-01_0007154.JPG,4
CA-01_0007155.JPG,4
CA-01_0007156.JPG,4
CA-01_0007157.JPG,4
CA-01_0007158.JPG,4
CA-01_0007159.JPG,4
CA-01_0007160.JPG,4
CA-01_0007161.JPG,4
CA-01_0007162.JPG,4
CA-01_0007163.JPG,4
CA-01_0007164.JPG,4
CA-01_0007165.JPG,4
CA-01_0007166.JPG,4
CA-01_0007167.JPG,4
CA-01_0007168.JPG,4
CA-01_0007169.JPG,4
CA-01_0007170.JPG,4
CA-01_0007171.JPG,4
CA-01_0007172.JPG,4
CA-01_0007173.JPG,4
CA-01_0007174.JPG,4
CA-01_0007175.JPG,4
CA-01_0007176.JPG,4
CA-01_0007177.JPG,4
CA-01_0007178.JPG,4
CA-01_0007179.JPG,4
CA-01_0007180.JPG,4
CA-01_0007181.JPG,4
CA-01_0007182.JPG,4
CA-01_0007183.JPG,4
CA-01_0007184.JPG,4
CA-01_0007185.JPG,4
CA-01_0007186.JPG,4
CA-01_0007187.JPG,4
CA-01_0007188.JPG,4
CA-01_0007189.JPG,4
CA-01_0007190.JPG,4
CA-01_0007191.JPG,27
CA-01_0007192.JPG,27
CA-01_0007193.JPG,27
CA-01_0007194.JPG,27
CA-01_0007195.JPG,4
CA-01_0007196.JPG,4
CA-01_0007197.JPG,4
CA-01_0007198.JPG,4
CA-01_0007199.JPG,4
CA-01_0007200.JPG,4
CA-01_0007201.JPG,4
CA-01_0007202.JPG,4
CA-01_0007203.JPG,27
CA-01_0007204.JPG,27
CA-01_0007205.JPG,13
CA-01_0007206.JPG,13
CA-01_0007207.JPG,13
CA-01_0007208.JPG,27
CA-01_0007209.JPG,27
CA-01_0007210.JPG,14
CA-01_0007211.JPG,27
CA-01_0007212.JPG,27
CA-01_0007213.JPG,27
CA-01_0007214.JPG,27
CA-01_0007215.JPG,20
CA-01_0007216.JPG,20
CA-01_0007217.JPG,20
CA-01_0007218.JPG,20
CA-01_0007219.JPG,20
CA-01_0007220.JPG,13
CA-01_0007221.JPG,13
CA-01_0007222.JPG,13
CA-01_0007223.JPG,13
CA-01_0007224.JPG,13
CA-01_0007225.JPG,21
CA-01_0007226.JPG,27
CA-01_0007227.JPG,27
CA-01_0007228.JPG,27
CA-01_0007229.JPG,27
CA-01_0007230.JPG,14
CA-01_0007231.JPG,14
CA-01_0007232.JPG,14
CA-01_0007233.JPG,27
CA-01_0007234.JPG,27
CA-01_0007235.JPG,4
CA-01_0007236.JPG,4
CA-01_0007237.JPG,4
CA-01_0007238.JPG,4
CA-01_0007239.JPG,4
CA-01_0007240.JPG,4
CA-01_0007241.JPG,4
CA-01_0007242.JPG,4
CA-01_0007243.JPG,4
CA-01_0007244.JPG,4
CA-01_0007245.JPG,4
CA-01_0007246.JPG,4
CA-01_0007247.JPG,4
CA-01_0007248.JPG,4
CA-01_0007249.JPG,4
CA-01_0007250.JPG,4
CA-01_0007251.JPG,4
CA-01_0007252.JPG,4
CA-01_0007253.JPG,4
CA-01_0007254.JPG,4
CA-01_0007255.JPG,4
CA-01_0007256.JPG,4
CA-01_0007257.JPG,4
CA-01_0007258.JPG,4
CA-01_0007259.JPG,4
CA-01_0007260.JPG,27
CA-01_0007261.JPG,27
CA-01_0007262.JPG,27
CA-01_0007263.JPG,27
CA-01_0007264.JPG,27
CA-01_0007265.JPG,4
CA-01_0007266.JPG,4
CA-01_0007267.JPG,4
CA-01_0007268.JPG,4
CA-01_0007269.JPG,4
CA-01_0007270.JPG,4
CA-01_0007271.JPG,4
CA-01_0007272.JPG,4
CA-01_0007273.JPG,4
CA-01_0007274.JPG,4
CA-01_0007275.JPG,4
CA-01_0007276.JPG,4
CA-01_0007277.JPG,4
CA-01_0007278.JPG,4
CA-01_0007279.JPG,4
CA-01_0007280.JPG,4
CA-01_0007281.JPG,4
CA-01_0007282.JPG,27
CA-01_0007283.JPG,27
CA-01_0007284.JPG,27
CA-01_0007285.JPG,4
CA-01_0007286.JPG,4
CA-01_0007287.JPG,4
CA-01_0007288.JPG,4
CA-01_0007289.JPG,4
CA-01_0007290.JPG,4
CA-01_0007291.JPG,4
CA-01_0007292.JPG,4
CA-01_0007293.JPG,4
CA-01_0007294.JPG,4
CA-01_0007295.JPG,4
CA-01_0007296.JPG,4
CA-01_0007297.JPG,4
CA-01_0007298.JPG,27
CA-01_0007299.JPG,27
CA-01_0007300.JPG,4
CA-01_0007301.JPG,4
CA-01_0007302.JPG,4
CA-01_0007303.JPG,4
CA-01_0007304.JPG,4
CA-01_0007305.JPG,4
CA-01_0007306.JPG,4
CA-01_0007307.JPG,4
CA-01_0007308.JPG,4
CA-01_0007309.JPG,4
CA-01_0007310.JPG,4
CA-01_0007311.JPG,4
CA-01_0007312.JPG,27
CA-01_0007313.JPG,27
CA-01_0007314.JPG,27
CA-01_0007315.JPG,4
CA-01_0007316.JPG,4
CA-01_0007317.JPG,4
CA-01_0007318.JPG,4
CA-01_0007319.JPG,4
CA-01_0007320.JPG,4
CA-01_0007321.JPG,4
CA-01_0007322.JPG,4
CA-01_0007323.JPG,4
CA-01_0007324.JPG,4
CA-01_0007325.JPG,4
CA-01_0007326.JPG,4
CA-01_0007327.JPG,4
CA-01_0007328.JPG,4
CA-01_0007329.JPG,4
CA-01_0007330.JPG,4
CA-01_0007331.JPG,4
CA-01_0007332.JPG,4
CA-01_0007333.JPG,4
CA-01_0007334.JPG,4
CA-01_0007335.JPG,4
CA-01_0007336.JPG,27
CA-01_0007337.JPG,27
CA-01_0007338.JPG,27
CA-01_0007339.JPG,27
CA-01_0007340.JPG,4
CA-01_0007341.JPG,4
CA-01_0007342.JPG,4
CA-01_0007343.JPG,4
CA-01_0007344.JPG,4
CA-01_0007345.JPG,4
CA-01_0007346.JPG,4
CA-01_0007347.JPG,4
CA-01_0007348.JPG,4
CA-01_0007349.JPG,4
CA-01_0007350.JPG,4
CA-01_0007351.JPG,4
CA-01_0007352.JPG,4
CA-01_0007353.JPG,4
CA-01_0007354.JPG,4
CA-01_0007355.JPG,4
CA-01_0007356.JPG,4
CA-01_0007357.JPG,4
CA-01_0007358.JPG,4
CA-01_0007359.JPG,4
CA-01_0007360.JPG,4
CA-01_0007361.JPG,27
CA-01_0007362.JPG,27
CA-01_0007363.JPG,27
CA-01_0007364.JPG,27
CA-01_0007365.JPG,4
CA-01_0007366.JPG,4
CA-01_0007367.JPG,4
CA-01_0007368.JPG,4
CA-01_0007369.JPG,4
CA-01_0007370.JPG,4
CA-01_0007371.JPG,4
CA-01_0007372.JPG,4
CA-01_0007373.JPG,4
CA-01_0007374.JPG,4
CA-01_0007375.JPG,4
CA-01_0007376.JPG,27
CA-01_0007377.JPG,27
CA-01_0007378.JPG,27
CA-01_0007379.JPG,27
CA-01_0007380.JPG,4
CA-01_0007381.JPG,4
CA-01_0007382.JPG,4
CA-01_0007383.JPG,4
CA-01_0007384.JPG,4
CA-01_0007385.JPG,4
CA-01_0007386.JPG,27
CA-01_0007387.JPG,27
CA-01_0007388.JPG,27
CA-01_0007389.JPG,27
CA-01_0007390.JPG,4
CA-01_0007391.JPG,4
CA-01_0007392.JPG,4
CA-01_0007393.JPG,4
CA-01_0007394.JPG,4
CA-01_0007395.JPG,4
CA-01_0007396.JPG,4
CA-01_0007397.JPG,4
CA-01_0007398.JPG,4
CA-01_0007399.JPG,4
CA-01_0007400.JPG,4
CA-01_0007401.JPG,4
CA-01_0007402.JPG,4
CA-01_0007403.JPG,4
CA-01_0007404.JPG,4
CA-01_0007405.JPG,4
CA-01_0007406.JPG,27
CA-01_0007407.JPG,27
CA-01_0007408.JPG,27
CA-01_0007409.JPG,27
CA-01_0007410.JPG,4
CA-01_0007411.JPG,4
CA-01_0007412.JPG,4
CA-01_0007413.JPG,4
CA-01_0007414.JPG,4
CA-01_0007415.JPG,4
CA-01_0007416.JPG,4
CA-01_0007417.JPG,4
CA-01_0007418.JPG,4
CA-01_0007419.JPG,27
CA-01_0007420.JPG,25
CA-01_0007421.JPG,27
CA-01_0007422.JPG,27
CA-01_0007423.JPG,27
CA-01_0007424.JPG,27
CA-01_0007425.JPG,11
CA-01_0007426.JPG,25
CA-01_0007427.JPG,11
CA-01_0007428.JPG,11
CA-01_0007429.JPG,11
CA-01_0007430.JPG,11
CA-01_0007431.JPG,11
CA-01_0007432.JPG,25
CA-01_0007433.JPG,11
CA-01_0007434.JPG,25
CA-01_0007435.JPG,11
CA-01_0007436.JPG,25
CA-01_0007437.JPG,11
CA-01_0007438.JPG,25
CA-01_0007439.JPG,11
CA-01_0007440.JPG,11
CA-01_0007441.JPG,11
CA-01_0007442.JPG,25
CA-01_0007443.JPG,11
CA-01_0007444.JPG,25
CA-01_0007445.JPG,11
CA-01_0007446.JPG,11
CA-01_0007447.JPG,25
CA-01_0007448.JPG,25
CA-01_0007449.JPG,11
CA-01_0007450.JPG,11
CA-01_0007451.JPG,11
CA-01_0007452.JPG,11
CA-01_0007453.JPG,11
CA-01_0007454.JPG,11
CA-01_0007455.JPG,11
CA-01_0007456.JPG,11
CA-01_0007457.JPG,11
CA-01_0007458.JPG,11
CA-01_0007459.JPG,25
CA-01_0007460.JPG,11
CA-01_0007461.JPG,11
CA-01_0007462.JPG,11
CA-01_0007463.JPG,25
CA-01_0007464.JPG,25
CA-01_0007465.JPG,11
CA-01_0007466.JPG,21
CA-01_0007467.JPG,21
CA-01_0007468.JPG,21
CA-01_0007470.JPG,27
CA-01_0007471.JPG,25
CA-01_0007472.JPG,27
CA-01_0007473.JPG,27
CA-01_0007474.JPG,27
CA-01_0007475.JPG,27
CA-01_0007476.JPG,25
CA-01_0007477.JPG,25
CA-01_0007478.JPG,27
CA-01_0007479.JPG,27
CA-01_0007480.JPG,27
CA-01_0007481.JPG,27
CA-01_0007482.JPG,27
CA-01_0007483.JPG,27
CA-01_0007484.JPG,27
CA-01_0007485.JPG,27
CA-01_0007486.JPG,20
CA-01_0007487.JPG,20
CA-01_0007488.JPG,20
CA-01_0007489.JPG,20
CA-01_0007490.JPG,20
CA-01_0007491.JPG,24
CA-01_0007492.JPG,24
CA-01_0007493.JPG,24
CA-01_0007494.JPG,24
CA-01_0007495.JPG,24
CA-01_0007496.JPG,20
CA-01_0007497.JPG,20
CA-01_0007498.JPG,20
CA-01_0007499.JPG,20
CA-01_0007500.JPG,20
CA-01_0007501.JPG,13
CA-01_0007502.JPG,13
CA-01_0007503.JPG,13
CA-01_0007504.JPG,13
CA-01_0007505.JPG,13
CA-01_0007506.JPG,25
CA-01_0007507.JPG,25
CA-01_0007508.JPG,27
CA-01_0007509.JPG,27
CA-01_0007510.JPG,27
CA-01_0007511.JPG,23
CA-01_0007512.JPG,23
CA-01_0007513.JPG,23
CA-01_0007514.JPG,27
CA-01_0007515.JPG,27
CA-01_0007516.JPG,25
CA-01_0007517.JPG,25
CA-01_0007518.JPG,27
CA-01_0007519.JPG,27
CA-01_0007520.JPG,27
CA-01_0007521.JPG,20
CA-01_0007522.JPG,20
CA-01_0007523.JPG,20
CA-01_0007524.JPG,20
CA-01_0007525.JPG,27
CA-01_0007526.JPG,14
CA-01_0007527.JPG,14
CA-01_0007528.JPG,27
CA-01_0007529.JPG,27
CA-01_0007530.JPG,27
CA-01_0007531.JPG,20
CA-01_0007532.JPG,20
CA-01_0007533.JPG,20
CA-01_0007534.JPG,20
CA-01_0007535.JPG,20
CA-01_0007536.JPG,20
CA-01_0007537.JPG,20
CA-01_0007538.JPG,27
CA-01_0007539.JPG,27
CA-01_0007540.JPG,27
CA-01_0007541.JPG,25
CA-01_0007542.JPG,25
CA-01_0007543.JPG,27
CA-01_0007544.JPG,27
CA-01_0007545.JPG,27
CA-01_0007546.JPG,20
CA-01_0007547.JPG,20
CA-01_0007548.JPG,20
CA-01_0007549.JPG,20
CA-01_0007550.JPG,20
CA-01_0007551.JPG,14
CA-01_0007552.JPG,14
CA-01_0007553.JPG,14
CA-01_0007554.JPG,14
CA-01_0007555.JPG,14
CA-01_0007556.JPG,21
CA-01_0007557.JPG,21
CA-01_0007558.JPG,27
CA-01_0007559.JPG,27
CA-01_0007560.JPG,27
CA-01_0007561.JPG,13
CA-01_0007562.JPG,13
CA-01_0007563.JPG,13
CA-01_0007564.JPG,13
CA-01_0007565.JPG,27
CA-01_0007566.JPG,14
CA-01_0007567.JPG,14
CA-01_0007568.JPG,14
CA-01_0007569.JPG,14
CA-01_0007570.JPG,14
CA-01_0007571.JPG,20
CA-01_0007572.JPG,20
CA-01_0007573.JPG,20
CA-01_0007574.JPG,27
CA-01_0007575.JPG,27
CA-01_0007576.JPG,25
CA-01_0007577.JPG,27
CA-01_0007578.JPG,27
CA-01_0007579.JPG,11
CA-01_0007580.JPG,11
CA-01_0007581.JPG,11
CA-01_0007582.JPG,11
CA-01_0007583.JPG,11
CA-01_0007584.JPG,25
CA-01_0007585.JPG,11
CA-01_0007586.JPG,11
CA-01_0007587.JPG,11
CA-01_0007588.JPG,11
CA-01_0007589.JPG,25
CA-01_0007590.JPG,11
CA-01_0007591.JPG,11
CA-01_0007592.JPG,25
CA-01_0007593.JPG,25
CA-01_0007594.JPG,11
CA-01_0007595.JPG,11
CA-01_0007596.JPG,11
CA-01_0007597.JPG,11
CA-01_0007598.JPG,11
CA-01_0007599.JPG,11
CA-01_0007600.JPG,11
CA-01_0007601.JPG,25
CA-01_0007602.JPG,25
CA-01_0007603.JPG,25
CA-01_0007604.JPG,11
CA-01_0007605.JPG,11
CA-01_0007606.JPG,25
CA-01_0007607.JPG,11
CA-01_0007608.JPG,11
CA-01_0007609.JPG,11
CA-01_0007610.JPG,11
CA-01_0007611.JPG,14
CA-01_0007612.JPG,14
CA-01_0007613.JPG,14
CA-01_0007614.JPG,14
CA-01_0007615.JPG,14
CA-01_0007616.JPG,13
CA-01_0007617.JPG,13
CA-01_0007618.JPG,13
CA-01_0007619.JPG,13
CA-01_0007620.JPG,13
CA-01_0007621.JPG,3
CA-01_0007622.JPG,3
CA-01_0007623.JPG,3
CA-01_0007624.JPG,3
CA-01_0007625.JPG,27
CA-01_0007626.JPG,20
CA-01_0007627.JPG,20
CA-01_0007628.JPG,27
CA-01_0007629.JPG,27
CA-01_0007630.JPG,27
CA-01_0007631.JPG,25
CA-01_0007632.JPG,27
CA-01_0007633.JPG,27
CA-01_0007634.JPG,27
CA-01_0007635.JPG,27
CA-01_0007636.JPG,25
CA-01_0007637.JPG,27
CA-01_0007638.JPG,27
CA-01_0007639.JPG,27
CA-01_0007640.JPG,27
CA-01_0007641.JPG,20
CA-01_0007642.JPG,20
CA-01_0007643.JPG,20
CA-01_0007644.JPG,20
CA-01_0007645.JPG,20
CA-01_0007646.JPG,20
CA-01_0007647.JPG,20
CA-01_0007648.JPG,20
CA-01_0007649.JPG,27
CA-01_0007650.JPG,27
CA-01_0007651.JPG,13
CA-01_0007652.JPG,13
CA-01_0007653.JPG,13
CA-01_0007654.JPG,13
CA-01_0007655.JPG,13
CA-01_0007656.JPG,20
CA-01_0007657.JPG,20
CA-01_0007658.JPG,20
CA-01_0007659.JPG,20
CA-01_0007660.JPG,20
CA-01_0007661.JPG,20
CA-01_0007662.JPG,20
CA-01_0007663.JPG,20
CA-01_0007664.JPG,20
CA-01_0007665.JPG,20
CA-01_0007666.JPG,20
CA-01_0007667.JPG,20
CA-01_0007668.JPG,20
CA-01_0007669.JPG,20
CA-01_0007670.JPG,27
CA-01_0007671.JPG,25
CA-01_0007672.JPG,27
CA-01_0007673.JPG,27
CA-01_0007674.JPG,27
CA-01_0007675.JPG,27
CA-01_0007676.JPG,27
CA-01_0007677.JPG,27
CA-01_0007678.JPG,27
CA-01_0007679.JPG,27
CA-01_0007680.JPG,27
CA-01_0007681.JPG,27
CA-01_0007682.JPG,27
CA-01_0007683.JPG,27
CA-01_0007684.JPG,27
CA-01_0007685.JPG,27
CA-01_0007686.JPG,27
CA-01_0007687.JPG,27
CA-01_0007688.JPG,27
CA-01_0007689.JPG,27
CA-01_0007690.JPG,27
CA-01_0007691.JPG,25
CA-01_0007692.JPG,27
CA-01_0007693.JPG,27
CA-01_0007694.JPG,27
CA-01_0007695.JPG,27
CA-01_0007696.JPG,27
CA-01_0007697.JPG,27
CA-01_0007698.JPG,27
CA-01_0007699.JPG,27
CA-01_0007700.JPG,27
CA-01_0007701.JPG,21
CA-01_0007702.JPG,21
CA-01_0007703.JPG,27
CA-01_0007704.JPG,27
CA-01_0007705.JPG,27
CA-01_0007706.JPG,21
CA-01_0007707.JPG,21
CA-01_0007708.JPG,21
CA-01_0007709.JPG,21
CA-01_0007710.JPG,21
CA-01_0007711.JPG,20
CA-01_0007712.JPG,20
CA-01_0007713.JPG,20
CA-01_0007714.JPG,20
CA-01_0007715.JPG,27
CA-01_0007716.JPG,22
CA-01_0007717.JPG,22
CA-01_0007718.JPG,22
CA-01_0007719.JPG,22
CA-01_0007720.JPG,22
CA-01_0007721.JPG,20
CA-01_0007722.JPG,20
CA-01_0007723.JPG,20
CA-01_0007724.JPG,27
CA-01_0007725.JPG,27
CA-01_0007726.JPG,21
CA-01_0007727.JPG,21
CA-01_0007728.JPG,21
CA-01_0007729.JPG,21
CA-01_0007730.JPG,21
CA-01_0007731.JPG,27
CA-01_0007732.JPG,27
CA-01_0007733.JPG,27
CA-01_0007734.JPG,27
CA-01_0007735.JPG,27
CA-01_0007736.JPG,27
CA-01_0007737.JPG,27
CA-01_0007738.JPG,27
CA-01_0007739.JPG,27
CA-01_0007740.JPG,27
CA-01_0007741.JPG,8
CA-01_0007742.JPG,8
CA-01_0007743.JPG,8
CA-01_0007744.JPG,27
CA-01_0007745.JPG,27
CA-01_0007746.JPG,21
CA-01_0007747.JPG,21
CA-01_0007748.JPG,21
CA-01_0007749.JPG,21
CA-01_0007750.JPG,27
CA-01_0007751.JPG,21
CA-01_0007752.JPG,21
CA-01_0007753.JPG,21
CA-01_0007754.JPG,21
CA-01_0007755.JPG,21
CA-01_0007756.JPG,21
CA-01_0007757.JPG,21
CA-01_0007758.JPG,27
CA-01_0007759.JPG,27
CA-01_0007760.JPG,27
CA-01_0007761.JPG,21
CA-01_0007762.JPG,21
CA-01_0007763.JPG,27
CA-01_0007764.JPG,27
CA-01_0007765.JPG,27
CA-01_0007766.JPG,27
CA-01_0007767.JPG,27
CA-01_0007768.JPG,27
CA-01_0007769.JPG,27
CA-01_0007770.JPG,27
CA-01_0007771.JPG,1
CA-01_0007772.JPG,27
CA-01_0007773.JPG,1
CA-01_0007774.JPG,1
CA-01_0007775.JPG,1
CA-01_0007776.JPG,1
CA-01_0007777.JPG,1
CA-01_0007778.JPG,1
CA-01_0007779.JPG,27
CA-01_0007780.JPG,27
CA-01_0007781.JPG,1
CA-01_0007782.JPG,1
CA-01_0007783.JPG,1
CA-01_0007784.JPG,27
CA-01_0007785.JPG,27
CA-01_0007786.JPG,1
CA-01_0007787.JPG,27
CA-01_0007788.JPG,27
CA-01_0007789.JPG,27
CA-01_0007790.JPG,27
CA-01_0007791.JPG,1
CA-01_0007792.JPG,1
CA-01_0007793.JPG,1
CA-01_0007794.JPG,1
CA-01_0007795.JPG,1
CA-01_0007796.JPG,1
CA-01_0007797.JPG,1
CA-01_0007798.JPG,1
CA-01_0007799.JPG,1
CA-01_0007800.JPG,1
CA-01_0007801.JPG,1
CA-01_0007802.JPG,1
CA-01_0007803.JPG,1
CA-01_0007804.JPG,1
CA-01_0007805.JPG,27
CA-01_0007806.JPG,1
CA-01_0007807.JPG,1
CA-01_0007808.JPG,1
CA-01_0007809.JPG,27
CA-01_0007810.JPG,27
CA-01_0007811.JPG,22
CA-01_0007812.JPG,22
CA-01_0007813.JPG,22
CA-01_0007814.JPG,22
CA-01_0007815.JPG,22
CA-01_0007816.JPG,22
CA-01_0007817.JPG,22
CA-01_0007818.JPG,27
CA-01_0007819.JPG,27
CA-01_0007820.JPG,27
CA-01_0007821.JPG,21
CA-01_0007822.JPG,21
CA-01_0007823.JPG,21
CA-01_0007824.JPG,21
CA-01_0007825.JPG,21
CA-01_0007826.JPG,21
CA-01_0007827.JPG,27
CA-01_0007828.JPG,27
CA-01_0007829.JPG,27
CA-01_0007830.JPG,27
CA-01_0007831.JPG,21
CA-01_0007832.JPG,21
CA-01_0007833.JPG,21
CA-01_0007834.JPG,21
CA-01_0007835.JPG,21
CA-01_0007836.JPG,21
CA-01_0007837.JPG,21
CA-01_0007838.JPG,21
CA-01_0007839.JPG,21
CA-01_0007840.JPG,21
CA-01_0007841.JPG,21
CA-01_0007842.JPG,21
CA-01_0007843.JPG,21
CA-01_0007844.JPG,21
CA-01_0007845.JPG,21
CA-01_0007846.JPG,21
CA-01_0007847.JPG,21
CA-01_0007848.JPG,21
CA-01_0007849.JPG,21
CA-01_0007850.JPG,21
CA-01_0007851.JPG,21
CA-01_0007852.JPG,21
CA-01_0007853.JPG,21
CA-01_0007854.JPG,21
CA-01_0007855.JPG,21
CA-01_0007856.JPG,21
CA-01_0007857.JPG,21
CA-01_0007858.JPG,21
CA-01_0007859.JPG,21
CA-01_0007860.JPG,21
CA-01_0007861.JPG,21
CA-01_0007862.JPG,21
CA-01_0007863.JPG,21
CA-01_0007864.JPG,21
CA-01_0007865.JPG,21
CA-01_0007866.JPG,21
CA-01_0007867.JPG,21
CA-01_0007868.JPG,21
CA-01_0007869.JPG,21
CA-01_0007870.JPG,21
CA-01_0007871.JPG,27
CA-01_0007872.JPG,27
CA-01_0007873.JPG,27
CA-01_0007874.JPG,27
CA-01_0007875.JPG,27
CA-01_0007876.JPG,21
CA-01_0007877.JPG,27
CA-01_0007878.JPG,27
CA-01_0007879.JPG,27
CA-01_0007880.JPG,27
CA-01_0007881.JPG,1
CA-01_0007882.JPG,1
CA-01_0007883.JPG,1
CA-01_0007884.JPG,1
CA-01_0007885.JPG,1
CA-01_0007886.JPG,1
CA-01_0007887.JPG,1
CA-01_0007888.JPG,1
CA-01_0007889.JPG,1
CA-01_0007890.JPG,1
CA-01_0007891.JPG,1
CA-01_0007892.JPG,1
CA-01_0007893.JPG,1
CA-01_0007894.JPG,1
CA-01_0007895.JPG,1
CA-01_0007896.JPG,1
CA-01_0007897.JPG,1
CA-01_0007898.JPG,1
CA-01_0007899.JPG,1
CA-01_0007900.JPG,1
CA-01_0007901.JPG,1
CA-01_0007902.JPG,1
CA-01_0007903.JPG,1
CA-01_0007904.JPG,1
CA-01_0007905.JPG,1
CA-01_0007906.JPG,1
CA-01_0007907.JPG,1
CA-01_0007908.JPG,1
CA-01_0007909.JPG,1
CA-01_0007910.JPG,1
CA-01_0007911.JPG,1
CA-01_0007912.JPG,1
CA-01_0007913.JPG,1
CA-01_0007914.JPG,1
CA-01_0007915.JPG,1
CA-01_0007916.JPG,1
CA-01_0007917.JPG,1
CA-01_0007918.JPG,1
CA-01_0007919.JPG,1
CA-01_0007920.JPG,1
CA-01_0007921.JPG,1
CA-01_0007922.JPG,1
CA-01_0007923.JPG,1
CA-01_0007924.JPG,1
CA-01_0007925.JPG,1
CA-01_0007926.JPG,1
CA-01_0007927.JPG,1
CA-01_0007928.JPG,1
CA-01_0007929.JPG,27
CA-01_0007930.JPG,27
CA-01_0007931.JPG,1
CA-01_0007932.JPG,1
CA-01_0007933.JPG,1
CA-01_0007934.JPG,1
CA-01_0007935.JPG,1
CA-01_0007936.JPG,1
CA-01_0007937.JPG,27
CA-01_0007938.JPG,1
CA-01_0007939.JPG,1
CA-01_0007940.JPG,1
CA-01_0007941.JPG,1
CA-01_0007942.JPG,27
CA-01_0007943.JPG,27
CA-01_0007944.JPG,27
CA-01_0007945.JPG,27
CA-01_0007946.JPG,1
CA-01_0007947.JPG,1
CA-01_0007948.JPG,27
CA-01_0007949.JPG,27
CA-01_0007950.JPG,27
CA-01_0007951.JPG,1
CA-01_0007952.JPG,27
CA-01_0007954.JPG,27
CA-01_0007955.JPG,27
CA-01_0007956.JPG,1
CA-01_0007957.JPG,27
CA-01_0007958.JPG,27
CA-01_0007959.JPG,27
CA-01_0007960.JPG,27
CA-01_0007961.JPG,27
CA-01_0007962.JPG,27
CA-01_0007963.JPG,27
CA-01_0007964.JPG,27
CA-01_0007965.JPG,27
CA-01_0007966.JPG,1
CA-01_0007967.JPG,27
CA-01_0007968.JPG,27
CA-01_0007969.JPG,27
CA-01_0007970.JPG,27
CA-01_0007971.JPG,1
CA-01_0007972.JPG,27
CA-01_0007973.JPG,27
CA-01_0007974.JPG,27
CA-01_0007975.JPG,27
CA-01_0007976.JPG,27
CA-01_0007977.JPG,27
CA-01_0007978.JPG,27
CA-01_0007979.JPG,27
CA-01_0007980.JPG,27
CA-01_0007981.JPG,27
CA-01_0007982.JPG,27
CA-01_0007983.JPG,27
CA-01_0007984.JPG,27
CA-01_0007985.JPG,27
CA-01_0007986.JPG,1
CA-01_0007987.JPG,1
CA-01_0007988.JPG,1
CA-01_0007989.JPG,1
CA-01_0007990.JPG,27
CA-01_0007991.JPG,27
CA-01_0007992.JPG,27
CA-01_0007993.JPG,27
CA-01_0007994.JPG,27
CA-01_0007995.JPG,27
CA-01_0007996.JPG,21
CA-01_0007997.JPG,21
CA-01_0007998.JPG,21
CA-01_0007999.JPG,21
CA-01_0008000.JPG,21
CA-01_0008001.JPG,21
CA-01_0008002.JPG,21
CA-01_0008003.JPG,21
CA-01_0008004.JPG,21
CA-01_0008005.JPG,21
CA-01_0008006.JPG,27
CA-01_0008007.JPG,27
CA-01_0008008.JPG,27
CA-01_0008009.JPG,27
CA-01_0008010.JPG,27
CA-01_0008011.JPG,21
CA-01_0008012.JPG,21
CA-01_0008013.JPG,21
CA-01_0008014.JPG,27
CA-01_0008015.JPG,27
CA-01_0008016.JPG,13
CA-01_0008017.JPG,13
CA-01_0008018.JPG,13
CA-01_0008019.JPG,13
CA-01_0008020.JPG,13
CA-01_0008021.JPG,13
CA-01_0008022.JPG,13
CA-01_0008023.JPG,27
CA-01_0008024.JPG,27
CA-01_0008025.JPG,27
CA-01_0008026.JPG,21
CA-01_0008027.JPG,21
CA-01_0008028.JPG,27
CA-01_0008029.JPG,27
CA-01_0008030.JPG,27
CA-01_0008031.JPG,27
CA-01_0008032.JPG,21
CA-01_0008033.JPG,27
CA-01_0008034.JPG,21
CA-01_0008035.JPG,21
CA-01_0008036.JPG,21
CA-01_0008037.JPG,21
CA-01_0008038.JPG,21
CA-01_0008039.JPG,21
CA-01_0008040.JPG,21
CA-01_0008041.JPG,21
CA-01_0008042.JPG,21
CA-01_0008043.JPG,21
CA-01_0008044.JPG,21
CA-01_0008045.JPG,21
CA-01_0008046.JPG,21
CA-01_0008047.JPG,21
CA-01_0008048.JPG,21
CA-01_0008049.JPG,21
CA-01_0008050.JPG,21
CA-01_0008051.JPG,21
CA-01_0008052.JPG,21
CA-01_0008053.JPG,21
CA-01_0008054.JPG,21
CA-01_0008055.JPG,21
CA-01_0008056.JPG,21
CA-01_0008057.JPG,21
CA-01_0008058.JPG,21
CA-01_0008059.JPG,21
CA-01_0008060.JPG,21
CA-01_0008061.JPG,21
CA-01_0008062.JPG,21
CA-01_0008063.JPG,21
CA-01_0008064.JPG,21
CA-01_0008065.JPG,21
CA-01_0008066.JPG,13
CA-01_0008067.JPG,13
CA-01_0008068.JPG,27
CA-01_0008069.JPG,27
CA-01_0008070.JPG,27
CA-01_0008071.JPG,1
CA-01_0008072.JPG,1
CA-01_0008073.JPG,1
CA-01_0008074.JPG,1
CA-01_0008075.JPG,1
CA-01_0008076.JPG,1
CA-01_0008077.JPG,1
CA-01_0008078.JPG,1
CA-01_0008079.JPG,1
CA-01_0008080.JPG,1
CA-01_0008081.JPG,1
CA-01_0008082.JPG,1
CA-01_0008083.JPG,1
CA-01_0008084.JPG,1
CA-01_0008085.JPG,1
CA-01_0008086.JPG,1
CA-01_0008087.JPG,27
CA-01_0008088.JPG,27
CA-01_0008089.JPG,27
CA-01_0008090.JPG,27
CA-01_0008091.JPG,1
CA-01_0008092.JPG,1
CA-01_0008093.JPG,27
CA-01_0008094.JPG,1
CA-01_0008095.JPG,1
CA-01_0008096.JPG,1
CA-01_0008097.JPG,1
CA-01_0008098.JPG,27
CA-01_0008099.JPG,27
CA-01_0008100.JPG,27
CA-01_0008101.JPG,1
CA-01_0008102.JPG,1
CA-01_0008103.JPG,1
CA-01_0008104.JPG,27
CA-01_0008105.JPG,27
CA-01_0008106.JPG,1
CA-01_0008107.JPG,1
CA-01_0008108.JPG,1
CA-01_0008109.JPG,1
CA-01_0008110.JPG,1
CA-01_0008111.JPG,1
CA-01_0008112.JPG,1
CA-01_0008113.JPG,1
CA-01_0008114.JPG,1
CA-01_0008115.JPG,1
CA-01_0008116.JPG,1
CA-01_0008117.JPG,1
CA-01_0008118.JPG,1
CA-01_0008119.JPG,1
CA-01_0008120.JPG,1
CA-01_0008121.JPG,1
CA-01_0008122.JPG,1
CA-01_0008123.JPG,1
CA-01_0008124.JPG,1
CA-01_0008125.JPG,1
CA-01_0008126.JPG,1
CA-01_0008127.JPG,1
CA-01_0008128.JPG,1
CA-01_0008129.JPG,1
CA-01_0008130.JPG,1
CA-01_0008131.JPG,1
CA-01_0008132.JPG,1
CA-01_0008133.JPG,1
CA-01_0008134.JPG,1
CA-01_0008135.JPG,1
CA-01_0008136.JPG,1
CA-01_0008137.JPG,1
CA-01_0008138.JPG,1
CA-01_0008139.JPG,1
CA-01_0008140.JPG,1
CA-01_0008141.JPG,1
CA-01_0008142.JPG,1
CA-01_0008143.JPG,1
CA-01_0008144.JPG,1
CA-01_0008145.JPG,1
CA-01_0008146.JPG,1
CA-01_0008147.JPG,1
CA-01_0008148.JPG,1
CA-01_0008149.JPG,1
CA-01_0008150.JPG,1
CA-01_0008151.JPG,1
CA-01_0008152.JPG,1
CA-01_0008153.JPG,1
CA-01_0008154.JPG,1
CA-01_0008155.JPG,1
CA-01_0008156.JPG,1
CA-01_0008157.JPG,1
CA-01_0008158.JPG,1
CA-01_0008159.JPG,1
CA-01_0008160.JPG,1
CA-01_0008161.JPG,1
CA-01_0008162.JPG,1
CA-01_0008163.JPG,1
CA-01_0008164.JPG,1
CA-01_0008165.JPG,1
CA-01_0008166.JPG,1
CA-01_0008167.JPG,1
CA-01_0008168.JPG,1
CA-01_0008169.JPG,1
CA-01_0008170.JPG,1
CA-01_0008171.JPG,1
CA-01_0008172.JPG,1
CA-01_0008173.JPG,1
CA-01_0008174.JPG,1
CA-01_0008175.JPG,1
CA-01_0008176.JPG,1
CA-01_0008177.JPG,1
CA-01_0008178.JPG,1
CA-01_0008179.JPG,1
CA-01_0008180.JPG,1
CA-01_0008181.JPG,1
CA-01_0008182.JPG,1
CA-01_0008183.JPG,1
CA-01_0008184.JPG,1
CA-01_0008185.JPG,1
CA-01_0008186.JPG,1
CA-01_0008187.JPG,1
CA-01_0008188.JPG,1
CA-01_0008189.JPG,1
CA-01_0008190.JPG,1
CA-01_0008191.JPG,1
CA-01_0008192.JPG,1
CA-01_0008193.JPG,1
CA-01_0008194.JPG,1
CA-01_0008195.JPG,1
CA-01_0008196.JPG,1
CA-01_0008197.JPG,1
CA-01_0008198.JPG,1
CA-01_0008199.JPG,1
CA-01_0008200.JPG,27
CA-01_0008201.JPG,1
CA-01_0008202.JPG,1
CA-01_0008203.JPG,1
CA-01_0008204.JPG,1
CA-01_0008205.JPG,27
CA-01_0008206.JPG,1
CA-01_0008207.JPG,1
CA-01_0008208.JPG,1
CA-01_0008209.JPG,1
CA-01_0008210.JPG,1
CA-01_0008211.JPG,1
CA-01_0008212.JPG,1
CA-01_0008213.JPG,1
CA-01_0008214.JPG,1
CA-01_0008215.JPG,1
CA-01_0008216.JPG,1
CA-01_0008217.JPG,1
CA-01_0008218.JPG,1
CA-01_0008219.JPG,1
CA-01_0008220.JPG,1
CA-01_0008221.JPG,1
CA-01_0008222.JPG,1
CA-01_0008223.JPG,1
CA-01_0008224.JPG,27
CA-01_0008225.JPG,27
CA-01_0008226.JPG,1
CA-01_0008227.JPG,1
CA-01_0008228.JPG,1
CA-01_0008229.JPG,1
CA-01_0008230.JPG,1
CA-01_0008231.JPG,1
CA-01_0008232.JPG,1
CA-01_0008233.JPG,1
CA-01_0008234.JPG,1
CA-01_0008235.JPG,1
CA-01_0008236.JPG,27
CA-01_0008237.JPG,27
CA-01_0008238.JPG,27
CA-01_0008239.JPG,27
CA-01_0008240.JPG,27
CA-01_0008241.JPG,1
CA-01_0008242.JPG,1
CA-01_0008243.JPG,1
CA-01_0008244.JPG,27
CA-01_0008245.JPG,27
CA-01_0008246.JPG,1
CA-01_0008247.JPG,1
CA-01_0008248.JPG,1
CA-01_0008249.JPG,1
CA-01_0008250.JPG,1
CA-01_0008251.JPG,1
CA-01_0008252.JPG,1
CA-01_0008253.JPG,1
CA-01_0008254.JPG,1
CA-01_0008255.JPG,27
CA-01_0008256.JPG,13
CA-01_0008257.JPG,13
CA-01_0008258.JPG,13
CA-01_0008259.JPG,13
CA-01_0008260.JPG,27
CA-01_0008261.JPG,27
CA-01_0008262.JPG,27
CA-01_0008263.JPG,27
CA-01_0008264.JPG,27
CA-01_0008265.JPG,27
CA-01_0008266.JPG,15
CA-01_0008267.JPG,27
CA-01_0008268.JPG,27
CA-01_0008269.JPG,27
CA-01_0008270.JPG,27
CA-01_0008271.JPG,1
CA-01_0008272.JPG,1
CA-01_0008273.JPG,1
CA-01_0008274.JPG,1
CA-01_0008275.JPG,1
CA-01_0008276.JPG,1
CA-01_0008277.JPG,1
CA-01_0008278.JPG,1
CA-01_0008279.JPG,1
CA-01_0008280.JPG,1
CA-01_0008281.JPG,1
CA-01_0008282.JPG,1
CA-01_0008283.JPG,1
CA-01_0008284.JPG,1
CA-01_0008285.JPG,1
CA-01_0008286.JPG,1
CA-01_0008287.JPG,1
CA-01_0008288.JPG,1
CA-01_0008289.JPG,1
CA-01_0008290.JPG,1
CA-01_0008291.JPG,1
CA-01_0008292.JPG,1
CA-01_0008293.JPG,1
CA-01_0008294.JPG,1
CA-01_0008295.JPG,1
CA-01_0008296.JPG,1
CA-01_0008297.JPG,1
CA-01_0008298.JPG,1
CA-01_0008299.JPG,1
CA-01_0008300.JPG,1
CA-01_0008301.JPG,1
CA-01_0008302.JPG,1
CA-01_0008303.JPG,1
CA-01_0008304.JPG,1
CA-01_0008305.JPG,1
CA-01_0008306.JPG,1
CA-01_0008307.JPG,1
CA-01_0008308.JPG,1
CA-01_0008309.JPG,1
CA-01_0008310.JPG,1
CA-01_0008311.JPG,1
CA-01_0008312.JPG,1
CA-01_0008313.JPG,1
CA-01_0008314.JPG,1
CA-01_0008315.JPG,1
CA-01_0008316.JPG,1
CA-01_0008317.JPG,1
CA-01_0008318.JPG,1
CA-01_0008319.JPG,1
CA-01_0008320.JPG,1
CA-01_0008321.JPG,1
CA-01_0008322.JPG,1
CA-01_0008323.JPG,1
CA-01_0008324.JPG,1
CA-01_0008325.JPG,1
CA-01_0008326.JPG,1
CA-01_0008327.JPG,1
CA-01_0008328.JPG,1
CA-01_0008329.JPG,1
CA-01_0008330.JPG,1
CA-01_0008331.JPG,1
CA-01_0008332.JPG,1
CA-01_0008333.JPG,1
CA-01_0008334.JPG,27
CA-01_0008335.JPG,1
CA-01_0008336.JPG,1
CA-01_0008337.JPG,1
CA-01_0008338.JPG,1
CA-01_0008339.JPG,1
CA-01_0008340.JPG,1
CA-01_0008341.JPG,1
CA-01_0008342.JPG,1
CA-01_0008343.JPG,1
CA-01_0008344.JPG,1
CA-01_0008345.JPG,1
CA-01_0008346.JPG,1
CA-01_0008347.JPG,1
CA-01_0008348.JPG,1
CA-01_0008349.JPG,1
CA-01_0008350.JPG,1
CA-01_0008351.JPG,1
CA-01_0008352.JPG,1
CA-01_0008353.JPG,1
CA-01_0008354.JPG,1
CA-01_0008355.JPG,27
CA-01_0008356.JPG,1
CA-01_0008357.JPG,1
CA-01_0008358.JPG,1
CA-01_0008359.JPG,1
CA-01_0008360.JPG,1
CA-01_0008361.JPG,1
CA-01_0008362.JPG,1
CA-01_0008363.JPG,1
CA-01_0008364.JPG,1
CA-01_0008365.JPG,1
CA-01_0008366.JPG,1
CA-01_0008367.JPG,1
CA-01_0008368.JPG,1
CA-01_0008369.JPG,1
CA-01_0008370.JPG,1
CA-01_0008371.JPG,1
CA-01_0008372.JPG,1
CA-01_0008373.JPG,1
CA-01_0008374.JPG,27
CA-01_0008375.JPG,27
CA-01_0008376.JPG,1
CA-01_0008377.JPG,1
CA-01_0008378.JPG,1
CA-01_0008379.JPG,27
CA-01_0008380.JPG,27
CA-01_0008381.JPG,27
CA-01_0008382.JPG,27
CA-01_0008383.JPG,27
CA-01_0008384.JPG,27
CA-01_0008385.JPG,27
CA-01_0008386.JPG,20
CA-01_0008387.JPG,20
CA-01_0008388.JPG,20
CA-01_0008389.JPG,20
CA-01_0008390.JPG,20
CA-01_0008391.JPG,21
CA-01_0008392.JPG,21
CA-01_0008393.JPG,21
CA-01_0008394.JPG,21
CA-01_0008395.JPG,21
CA-01_0008396.JPG,21
CA-01_0008397.JPG,21
CA-01_0008398.JPG,21
CA-01_0008399.JPG,21
CA-01_0008400.JPG,21
CA-01_0008401.JPG,21
CA-01_0008402.JPG,21
CA-01_0008403.JPG,21
CA-01_0008404.JPG,21
CA-01_0008405.JPG,21
CA-01_0008406.JPG,11
CA-01_0008407.JPG,25
CA-01_0008408.JPG,27
CA-01_0008409.JPG,11
CA-01_0008410.JPG,11
CA-01_0008411.JPG,11
CA-01_0008412.JPG,11
CA-01_0008413.JPG,11
CA-01_0008414.JPG,11
CA-01_0008415.JPG,11
CA-01_0008416.JPG,11
CA-01_0008417.JPG,11
CA-01_0008418.JPG,11
CA-01_0008419.JPG,11
CA-01_0008420.JPG,11
CA-01_0008421.JPG,11
CA-01_0008422.JPG,11
CA-01_0008423.JPG,11
CA-01_0008424.JPG,11
CA-01_0008425.JPG,11
CA-01_0008426.JPG,11
CA-01_0008427.JPG,27
CA-01_0008428.JPG,27
CA-01_0008429.JPG,11
CA-01_0008430.JPG,27
CA-01_0008431.JPG,11
CA-01_0008432.JPG,11
CA-01_0008433.JPG,11
CA-01_0008434.JPG,11
CA-01_0008435.JPG,11
CA-01_0008436.JPG,11
